<?xml version="1.0" standalone="yes"?>
<ML_x0020_Datasheet>
  <xs:schema id="ML_x0020_Datasheet" xmlns="" xmlns:xs="http://www.w3.org/2001/XMLSchema" xmlns:msdata="urn:schemas-microsoft-com:xml-msdata">
    <xs:element name="ML_x0020_Datasheet" msdata:IsDataSet="true" msdata:UseCurrentLocale="true">
      <xs:complexType>
        <xs:choice minOccurs="0" maxOccurs="unbounded">
          <xs:element name="Information">
            <xs:complexType>
              <xs:sequence>
                <xs:element name="MERIDIUM_VERSION" type="xs:string" minOccurs="0" />
                <xs:element name="EXPORT_CREATION_DATE" type="xs:string" minOccurs="0" />
                <xs:element name="USER_ID" type="xs:string" minOccurs="0" />
                <xs:element name="USER_NAME" type="xs:string" minOccurs="0" />
                <xs:element name="MERIDIUM_DATASOURCE" type="xs:string" minOccurs="0" />
              </xs:sequence>
            </xs:complexType>
          </xs:element>
          <xs:element name="Datasheets">
            <xs:complexType>
              <xs:sequence>
                <xs:element name="DATASHEET_ID" type="xs:string" minOccurs="0" />
                <xs:element name="DATASHEET_FAMILY_ID" type="xs:string" minOccurs="0" />
                <xs:element name="DATASHEET_CAPTION" type="xs:string" minOccurs="0" />
                <xs:element name="DATASHEET_DESCRIPTION" type="xs:string" minOccurs="0" />
                <xs:element name="DATASHEET_IS_DEFAULT" type="xs:string" minOccurs="0" />
                <xs:element name="DATASHEET_USES_CUST_FORM" type="xs:string" minOccurs="0" />
                <xs:element name="DATASHEET_CUST_FORM_PARAMETERS" type="xs:string" minOccurs="0" />
                <xs:element name="DATASHEET_LAYOUT_FILE_NAME" type="xs:string" minOccurs="0" />
                <xs:element name="DATASHEET_OFFLINE_FLG" type="xs:string" minOccurs="0" />
              </xs:sequence>
            </xs:complexType>
          </xs:element>
        </xs:choice>
      </xs:complexType>
    </xs:element>
  </xs:schema>
  <Information>
    <MERIDIUM_VERSION>4.3.0.7</MERIDIUM_VERSION>
    <EXPORT_CREATION_DATE>5/19/2020 8:17:57 AM</EXPORT_CREATION_DATE>
    <USER_ID>devak4</USER_ID>
    <USER_NAME>Deval, Kailash </USER_NAME>
    <MERIDIUM_DATASOURCE>CHPOPR</MERIDIUM_DATASOURCE>
  </Information>
  <Datasheets>
    <DATASHEET_ID>MI_MEAS_LOC</DATASHEET_ID>
    <DATASHEET_FAMILY_ID>MI_MEAS_LOC</DATASHEET_FAMILY_ID>
    <DATASHEET_CAPTION>Measurement Location&lt;*default*&gt;</DATASHEET_CAPTION>
    <DATASHEET_DESCRIPTION>Measurement Location</DATASHEET_DESCRIPTION>
    <DATASHEET_IS_DEFAULT>True</DATASHEET_IS_DEFAULT>
    <DATASHEET_USES_CUST_FORM>False</DATASHEET_USES_CUST_FORM>
    <DATASHEET_LAYOUT_FILE_NAME>MI_MEAS_LOC-2639413.dslayout</DATASHEET_LAYOUT_FILE_NAME>
    <DATASHEET_OFFLINE_FLG>False</DATASHEET_OFFLINE_FLG>
  </Datasheets>
</ML_x0020_Datasheet>